Workbook

Sheet Instrucciones
B1: Anexo II-A — Detalle mensual de horas de KLG
B2: EJEMPLO — Agosto 2026 armado por C.UNIX con los 70 registros de Kimai (306 h), como debió entregarse. Las descripciones son las que cada persona cargó en Kimai: donde faltan o no citan ticket, la columna «Alertas» lo marca. Desde el próximo mes, KLG completa este mismo archivo.
B3: KLG completa (celdas amarillas)
B4: 1. Hoja «Datos»: período, equipo (una fila por persona, con su perfil) y valor hora por proyecto.
B5: 2. En Kimai: Horas → filtrar el mes completo y las personas de KLG → Exportar a Excel. Pegar en la hoja «Detalle», una fila por registro: Fecha, Inicio, Fin, Persona, Proyecto, Descripción y Horas.
B6: 3. Cada descripción empieza con el ticket de iTop o la tarea de ClickUp y dice qué se hizo. Ejemplo: «R-012532 – Corrección del error al pujar en Subastas». Se carga así en Kimai y sale sola en la exportación.
B7: 4. Revisar la columna «Alertas» y explicar en el informe (sección 4) las que queden.
B8: 5. Copiar al informe los totales de la hoja «Resumen». Informe, anexo y factura deben tener las mismas horas que Kimai.
B10: C.UNIX revisa (celdas celestes)
B11: 6. Concilia el total contra Kimai (hoja «Resumen»).
B12: 7. En «Detalle» marca cada registro: Aprobada, Observada o Rechazada. Para aprobar solo una parte, escribe las horas en «Horas aprobadas». Un registro sin marcar se paga completo; uno observado o rechazado, no.
B14: Gris = se calcula solo, no editar. Las filas 2 y 3 de «Detalle» son ejemplos: borrarlas antes de enviar.

Sheet Resumen
A1: =CONCATENATE("Resumen — ",Datos!B2)
A3: Control
A4: Horas del detalle (informe KLG) | B4: =SUM(Detalle!G2:G601)
A5: Horas en Kimai según C.UNIX | B5: 306 | C5: Registros de Kimai al 29/09/2026. Coinciden día por día con las exportaciones enviadas por KLG.
A6: Diferencia | B6: =IF(B5="","",B4-B5) | C6: ← debe ser 0
A7: Horas con alertas | B7: =SUMPRODUCT((Detalle!H2:H601<>"")*Detalle!G2:G601)
A8: Horas sin ticket | B8: =SUMPRODUCT(ISNUMBER(SEARCH("Sin ticket",Detalle!H2:H601))*Detalle!G2:G601)
A10: 1. Horas e importe por proyecto
A11: Proyecto | B11: Cliente | C11: Horas | D11: Valor hora | E11: Importe | F11: Horas a pagar | G11: Importe a pagar
A12: =IF(Datos!E8="","",Datos!E8) | B12: =IF(A12="","",Datos!F8) | C12: =IF(A12="","",SUMIFS(Detalle!$G$2:$G$601,Detalle!$E$2:$E$601,A12)) | D12: =IF(A12="","",Datos!G8) | E12: =IF(A12="","",C12*D12) | F12: =IF(A12="","",SUMIFS(Detalle!$K$2:$K$601,Detalle!$E$2:$E$601,A12)) | G12: =IF(A12="","",F12*D12)
A13: =IF(Datos!E9="","",Datos!E9) | B13: =IF(A13="","",Datos!F9) | C13: =IF(A13="","",SUMIFS(Detalle!$G$2:$G$601,Detalle!$E$2:$E$601,A13)) | D13: =IF(A13="","",Datos!G9) | E13: =IF(A13="","",C13*D13) | F13: =IF(A13="","",SUMIFS(Detalle!$K$2:$K$601,Detalle!$E$2:$E$601,A13)) | G13: =IF(A13="","",F13*D13)
A14: =IF(Datos!E10="","",Datos!E10) | B14: =IF(A14="","",Datos!F10) | C14: =IF(A14="","",SUMIFS(Detalle!$G$2:$G$601,Detalle!$E$2:$E$601,A14)) | D14: =IF(A14="","",Datos!G10) | E14: =IF(A14="","",C14*D14) | F14: =IF(A14="","",SUMIFS(Detalle!$K$2:$K$601,Detalle!$E$2:$E$601,A14)) | G14: =IF(A14="","",F14*D14)
A15: =IF(Datos!E11="","",Datos!E11) | B15: =IF(A15="","",Datos!F11) | C15: =IF(A15="","",SUMIFS(Detalle!$G$2:$G$601,Detalle!$E$2:$E$601,A15)) | D15: =IF(A15="","",Datos!G11) | E15: =IF(A15="","",C15*D15) | F15: =IF(A15="","",SUMIFS(Detalle!$K$2:$K$601,Detalle!$E$2:$E$601,A15)) | G15: =IF(A15="","",F15*D15)
A16: =IF(Datos!E12="","",Datos!E12) | B16: =IF(A16="","",Datos!F12) | C16: =IF(A16="","",SUMIFS(Detalle!$G$2:$G$601,Detalle!$E$2:$E$601,A16)) | D16: =IF(A16="","",Datos!G12) | E16: =IF(A16="","",C16*D16) | F16: =IF(A16="","",SUMIFS(Detalle!$K$2:$K$601,Detalle!$E$2:$E$601,A16)) | G16: =IF(A16="","",F16*D16)
A17: =IF(Datos!E13="","",Datos!E13) | B17: =IF(A17="","",Datos!F13) | C17: =IF(A17="","",SUMIFS(Detalle!$G$2:$G$601,Detalle!$E$2:$E$601,A17)) | D17: =IF(A17="","",Datos!G13) | E17: =IF(A17="","",C17*D17) | F17: =IF(A17="","",SUMIFS(Detalle!$K$2:$K$601,Detalle!$E$2:$E$601,A17)) | G17: =IF(A17="","",F17*D17)
A18: =IF(Datos!E14="","",Datos!E14) | B18: =IF(A18="","",Datos!F14) | C18: =IF(A18="","",SUMIFS(Detalle!$G$2:$G$601,Detalle!$E$2:$E$601,A18)) | D18: =IF(A18="","",Datos!G14) | E18: =IF(A18="","",C18*D18) | F18: =IF(A18="","",SUMIFS(Detalle!$K$2:$K$601,Detalle!$E$2:$E$601,A18)) | G18: =IF(A18="","",F18*D18)
A19: =IF(Datos!E15="","",Datos!E15) | B19: =IF(A19="","",Datos!F15) | C19: =IF(A19="","",SUMIFS(Detalle!$G$2:$G$601,Detalle!$E$2:$E$601,A19)) | D19: =IF(A19="","",Datos!G15) | E19: =IF(A19="","",C19*D19) | F19: =IF(A19="","",SUMIFS(Detalle!$K$2:$K$601,Detalle!$E$2:$E$601,A19)) | G19: =IF(A19="","",F19*D19)
A20: =IF(Datos!E16="","",Datos!E16) | B20: =IF(A20="","",Datos!F16) | C20: =IF(A20="","",SUMIFS(Detalle!$G$2:$G$601,Detalle!$E$2:$E$601,A20)) | D20: =IF(A20="","",Datos!G16) | E20: =IF(A20="","",C20*D20) | F20: =IF(A20="","",SUMIFS(Detalle!$K$2:$K$601,Detalle!$E$2:$E$601,A20)) | G20: =IF(A20="","",F20*D20)
A21: =IF(Datos!E17="","",Datos!E17) | B21: =IF(A21="","",Datos!F17) | C21: =IF(A21="","",SUMIFS(Detalle!$G$2:$G$601,Detalle!$E$2:$E$601,A21)) | D21: =IF(A21="","",Datos!G17) | E21: =IF(A21="","",C21*D21) | F21: =IF(A21="","",SUMIFS(Detalle!$K$2:$K$601,Detalle!$E$2:$E$601,A21)) | G21: =IF(A21="","",F21*D21)
A22: =IF(Datos!E18="","",Datos!E18) | B22: =IF(A22="","",Datos!F18) | C22: =IF(A22="","",SUMIFS(Detalle!$G$2:$G$601,Detalle!$E$2:$E$601,A22)) | D22: =IF(A22="","",Datos!G18) | E22: =IF(A22="","",C22*D22) | F22: =IF(A22="","",SUMIFS(Detalle!$K$2:$K$601,Detalle!$E$2:$E$601,A22)) | G22: =IF(A22="","",F22*D22)
A23: =IF(Datos!E19="","",Datos!E19) | B23: =IF(A23="","",Datos!F19) | C23: =IF(A23="","",SUMIFS(Detalle!$G$2:$G$601,Detalle!$E$2:$E$601,A23)) | D23: =IF(A23="","",Datos!G19) | E23: =IF(A23="","",C23*D23) | F23: =IF(A23="","",SUMIFS(Detalle!$K$2:$K$601,Detalle!$E$2:$E$601,A23)) | G23: =IF(A23="","",F23*D23)
... A26: =IF(Datos!E22="","",Datos!E22) | B26: =IF(A26="","",Datos!F22) | C26: =IF(A26="","",SUMIFS(Detalle!$G$2:$G$601,Detalle!$E$2:$E$601,A26)) | D26: =IF(A26="","",Datos!G22) | E26: =IF(A26="","",C26*D26) | F26: =IF(A26="","",SUMIFS(Detalle!$K$2:$K$601,Detalle!$E$2:$E$601,A26)) | G26: =IF(A26="","",F26*D26)
A27: Total | C27: =SUM(C12:C26) | E27: =SUM(E12:E26) | F27: =SUM(F12:F26) | G27: =SUM(G12:G26)
A30: 2. Horas por persona
A31: Persona | B31: Perfil | C31: Horas | D31: Días con registro | E31: Promedio por día | F31: Horas sin descripción
A32: =IF(Datos!A8="","",Datos!A8) | B32: =IF(A32="","",Datos!B8) | C32: =IF(A32="","",SUMIFS(Detalle!$G$2:$G$601,Detalle!$D$2:$D$601,A32)) | D32: =IF(A32="","",SUMIFS(Detalle!$M$2:$M$601,Detalle!$D$2:$D$601,A32)) | E32: =IF(OR(A32="",N(D32)=0),"",C32/D32) | F32: =IF(A32="","",SUMPRODUCT((Detalle!$D$2:$D$601=A32)*ISNUMBER(SEARCH("Sin descripción",Detalle!$H$2:$H$601))*Detalle!$G$2:$G$601))
A33: =IF(Datos!A9="","",Datos!A9) | B33: =IF(A33="","",Datos!B9) | C33: =IF(A33="","",SUMIFS(Detalle!$G$2:$G$601,Detalle!$D$2:$D$601,A33)) | D33: =IF(A33="","",SUMIFS(Detalle!$M$2:$M$601,Detalle!$D$2:$D$601,A33)) | E33: =IF(OR(A33="",N(D33)=0),"",C33/D33) | F33: =IF(A33="","",SUMPRODUCT((Detalle!$D$2:$D$601=A33)*ISNUMBER(SEARCH("Sin descripción",Detalle!$H$2:$H$601))*Detalle!$G$2:$G$601))
A34: =IF(Datos!A10="","",Datos!A10) | B34: =IF(A34="","",Datos!B10) | C34: =IF(A34="","",SUMIFS(Detalle!$G$2:$G$601,Detalle!$D$2:$D$601,A34)) | D34: =IF(A34="","",SUMIFS(Detalle!$M$2:$M$601,Detalle!$D$2:$D$601,A34)) | E34: =IF(OR(A34="",N(D34)=0),"",C34/D34) | F34: =IF(A34="","",SUMPRODUCT((Detalle!$D$2:$D$601=A34)*ISNUMBER(SEARCH("Sin descripción",Detalle!$H$2:$H$601))*Detalle!$G$2:$G$601))
A35: =IF(Datos!A11="","",Datos!A11) | B35: =IF(A35="","",Datos!B11) | C35: =IF(A35="","",SUMIFS(Detalle!$G$2:$G$601,Detalle!$D$2:$D$601,A35)) | D35: =IF(A35="","",SUMIFS(Detalle!$M$2:$M$601,Detalle!$D$2:$D$601,A35)) | E35: =IF(OR(A35="",N(D35)=0),"",C35/D35) | F35: =IF(A35="","",SUMPRODUCT((Detalle!$D$2:$D$601=A35)*ISNUMBER(SEARCH("Sin descripción",Detalle!$H$2:$H$601))*Detalle!$G$2:$G$601))
A36: =IF(Datos!A12="","",Datos!A12) | B36: =IF(A36="","",Datos!B12) | C36: =IF(A36="","",SUMIFS(Detalle!$G$2:$G$601,Detalle!$D$2:$D$601,A36)) | D36: =IF(A36="","",SUMIFS(Detalle!$M$2:$M$601,Detalle!$D$2:$D$601,A36)) | E36: =IF(OR(A36="",N(D36)=0),"",C36/D36) | F36: =IF(A36="","",SUMPRODUCT((Detalle!$D$2:$D$601=A36)*ISNUMBER(SEARCH("Sin descripción",Detalle!$H$2:$H$601))*Detalle!$G$2:$G$601))
A37: =IF(Datos!A13="","",Datos!A13) | B37: =IF(A37="","",Datos!B13) | C37: =IF(A37="","",SUMIFS(Detalle!$G$2:$G$601,Detalle!$D$2:$D$601,A37)) | D37: =IF(A37="","",SUMIFS(Detalle!$M$2:$M$601,Detalle!$D$2:$D$601,A37)) | E37: =IF(OR(A37="",N(D37)=0),"",C37/D37) | F37: =IF(A37="","",SUMPRODUCT((Detalle!$D$2:$D$601=A37)*ISNUMBER(SEARCH("Sin descripción",Detalle!$H$2:$H$601))*Detalle!$G$2:$G$601))
A38: =IF(Datos!A14="","",Datos!A14) | B38: =IF(A38="","",Datos!B14) | C38: =IF(A38="","",SUMIFS(Detalle!$G$2:$G$601,Detalle!$D$2:$D$601,A38)) | D38: =IF(A38="","",SUMIFS(Detalle!$M$2:$M$601,Detalle!$D$2:$D$601,A38)) | E38: =IF(OR(A38="",N(D38)=0),"",C38/D38) | F38: =IF(A38="","",SUMPRODUCT((Detalle!$D$2:$D$601=A38)*ISNUMBER(SEARCH("Sin descripción",Detalle!$H$2:$H$601))*Detalle!$G$2:$G$601))
A39: =IF(Datos!A15="","",Datos!A15) | B39: =IF(A39="","",Datos!B15) | C39: =IF(A39="","",SUMIFS(Detalle!$G$2:$G$601,Detalle!$D$2:$D$601,A39)) | D39: =IF(A39="","",SUMIFS(Detalle!$M$2:$M$601,Detalle!$D$2:$D$601,A39)) | E39: =IF(OR(A39="",N(D39)=0),"",C39/D39) | F39: =IF(A39="","",SUMPRODUCT((Detalle!$D$2:$D$601=A39)*ISNUMBER(SEARCH("Sin descripción",Detalle!$H$2:$H$601))*Detalle!$G$2:$G$601))
A40: =IF(Datos!A16="","",Datos!A16) | B40: =IF(A40="","",Datos!B16) | C40: =IF(A40="","",SUMIFS(Detalle!$G$2:$G$601,Detalle!$D$2:$D$601,A40)) | D40: =IF(A40="","",SUMIFS(Detalle!$M$2:$M$601,Detalle!$D$2:$D$601,A40)) | E40: =IF(OR(A40="",N(D40)=0),"",C40/D40) | F40: =IF(A40="","",SUMPRODUCT((Detalle!$D$2:$D$601=A40)*ISNUMBER(SEARCH("Sin descripción",Detalle!$H$2:$H$601))*Detalle!$G$2:$G$601))
A41: =IF(Datos!A17="","",Datos!A17) | B41: =IF(A41="","",Datos!B17) | C41: =IF(A41="","",SUMIFS(Detalle!$G$2:$G$601,Detalle!$D$2:$D$601,A41)) | D41: =IF(A41="","",SUMIFS(Detalle!$M$2:$M$601,Detalle!$D$2:$D$601,A41)) | E41: =IF(OR(A41="",N(D41)=0),"",C41/D41) | F41: =IF(A41="","",SUMPRODUCT((Detalle!$D$2:$D$601=A41)*ISNUMBER(SEARCH("Sin descripción",Detalle!$H$2:$H$601))*Detalle!$G$2:$G$601))
A42: =IF(Datos!A18="","",Datos!A18) | B42: =IF(A42="","",Datos!B18) | C42: =IF(A42="","",SUMIFS(Detalle!$G$2:$G$601,Detalle!$D$2:$D$601,A42)) | D42: =IF(A42="","",SUMIFS(Detalle!$M$2:$M$601,Detalle!$D$2:$D$601,A42)) | E42: =IF(OR(A42="",N(D42)=0),"",C42/D42) | F42: =IF(A42="","",SUMPRODUCT((Detalle!$D$2:$D$601=A42)*ISNUMBER(SEARCH("Sin descripción",Detalle!$H$2:$H$601))*Detalle!$G$2:$G$601))
A43: =IF(Datos!A19="","",Datos!A19) | B43: =IF(A43="","",Datos!B19) | C43: =IF(A43="","",SUMIFS(Detalle!$G$2:$G$601,Detalle!$D$2:$D$601,A43)) | D43: =IF(A43="","",SUMIFS(Detalle!$M$2:$M$601,Detalle!$D$2:$D$601,A43)) | E43: =IF(OR(A43="",N(D43)=0),"",C43/D43) | F43: =IF(A43="","",SUMPRODUCT((Detalle!$D$2:$D$601=A43)*ISNUMBER(SEARCH("Sin descripción",Detalle!$H$2:$H$601))*Detalle!$G$2:$G$601))
... A46: =IF(Datos!A22="","",Datos!A22) | B46: =IF(A46="","",Datos!B22) | C46: =IF(A46="","",SUMIFS(Detalle!$G$2:$G$601,Detalle!$D$2:$D$601,A46)) | D46: =IF(A46="","",SUMIFS(Detalle!$M$2:$M$601,Detalle!$D$2:$D$601,A46)) | E46: =IF(OR(A46="",N(D46)=0),"",C46/D46) | F46: =IF(A46="","",SUMPRODUCT((Detalle!$D$2:$D$601=A46)*ISNUMBER(SEARCH("Sin descripción",Detalle!$H$2:$H$601))*Detalle!$G$2:$G$601))
A47: Total | C47: =SUM(C32:C46)

Sheet Datos
A1: Datos del período
A2: Período (mes y año)
A3: Contrato de fecha | B3: [DD/MM/AAAA]
A4: Proveedor | B4: KLG
A6: Equipo | E6: Valor hora por proyecto
A7: Persona (igual que en Kimai) | B7: Perfil | C7: Usuario Kimai | E7: Proyecto (igual que en Kimai) | F7: Cliente | G7: Valor hora
E8: SELICO | F8: MINVU | G8: 17
E9: Subastas | F9: Servicio Nacional de Aduanas | G9: 20
E10: SIAC-OIRS | F10: Instituto de Salud Pública de Chile | G10: 20
E11: VictoriusCP2 | F11: C.UNIX | G11: 17
E12: Victorius 3 | F12: C.UNIX | G12: 17
E24: Valores hora tomados del informe de agosto 2026: confirmar contra el contrato.

Sheet Detalle
A1: Fecha | B1: Inicio | C1: Fin | D1: Persona | E1: Proyecto | F1: Descripción (ticket – qué se hizo) | G1: Horas | H1: Alertas | I1: Revisión C.UNIX | J1: Horas aprobadas | K1: Horas a pagar | L1: Observación C.UNIX | M1: Día nuevo (cálculo)
H2: =IF(A2="","",TRIM(IF(WEEKDAY(A2,2)>5,"Fin de semana. ","")&IF(SUMIFS($G$2:$G$601,$A$2:$A$601,A2,$D$2:$D$601,D2)>9,"Más de 9 h en el día. ","")&IF(AND(B2<>"",C2<>"",C2<B2),"Cruza la medianoche. ","")&IF(LEN(TRIM(F2))<15,"Sin descripción suficiente. ","")&IF(AND(ISERROR(SEARCH("R-0",F2)),ISERROR(SEARCH("CU-",F2))),"Sin ticket. ","")&IF(ISNA(MATCH(E2,Datos!$E$8:$E$22,0)),"Proyecto sin valor hora. ","")&IF(ISNA(MATCH(D2,Datos!$A$8:$A$22,0)),"Persona fuera del equipo. ",""))) | K2: =IF(G2="","",IF(J2<>"",MIN(J2,G2),IF(OR(I2="Observada",I2="Rechazada"),0,G2))) | M2: =IF(OR(A2="",D2=""),0,IF(COUNTIFS($A$2:A2,A2,$D$2:D2,D2)=1,1,0))
H3: =IF(A3="","",TRIM(IF(WEEKDAY(A3,2)>5,"Fin de semana. ","")&IF(SUMIFS($G$2:$G$601,$A$2:$A$601,A3,$D$2:$D$601,D3)>9,"Más de 9 h en el día. ","")&IF(AND(B3<>"",C3<>"",C3<B3),"Cruza la medianoche. ","")&IF(LEN(TRIM(F3))<15,"Sin descripción suficiente. ","")&IF(AND(ISERROR(SEARCH("R-0",F3)),ISERROR(SEARCH("CU-",F3))),"Sin ticket. ","")&IF(ISNA(MATCH(E3,Datos!$E$8:$E$22,0)),"Proyecto sin valor hora. ","")&IF(ISNA(MATCH(D3,Datos!$A$8:$A$22,0)),"Persona fuera del equipo. ",""))) | K3: =IF(G3="","",IF(J3<>"",MIN(J3,G3),IF(OR(I3="Observada",I3="Rechazada"),0,G3))) | M3: =IF(OR(A3="",D3=""),0,IF(COUNTIFS($A$2:A3,A3,$D$2:D3,D3)=1,1,0))
H4: =IF(A4="","",TRIM(IF(WEEKDAY(A4,2)>5,"Fin de semana. ","")&IF(SUMIFS($G$2:$G$601,$A$2:$A$601,A4,$D$2:$D$601,D4)>9,"Más de 9 h en el día. ","")&IF(AND(B4<>"",C4<>"",C4<B4),"Cruza la medianoche. ","")&IF(LEN(TRIM(F4))<15,"Sin descripción suficiente. ","")&IF(AND(ISERROR(SEARCH("R-0",F4)),ISERROR(SEARCH("CU-",F4))),"Sin ticket. ","")&IF(ISNA(MATCH(E4,Datos!$E$8:$E$22,0)),"Proyecto sin valor hora. ","")&IF(ISNA(MATCH(D4,Datos!$A$8:$A$22,0)),"Persona fuera del equipo. ",""))) | K4: =IF(G4="","",IF(J4<>"",MIN(J4,G4),IF(OR(I4="Observada",I4="Rechazada"),0,G4))) | M4: =IF(OR(A4="",D4=""),0,IF(COUNTIFS($A$2:A4,A4,$D$2:D4,D4)=1,1,0))
H5: =IF(A5="","",TRIM(IF(WEEKDAY(A5,2)>5,"Fin de semana. ","")&IF(SUMIFS($G$2:$G$601,$A$2:$A$601,A5,$D$2:$D$601,D5)>9,"Más de 9 h en el día. ","")&IF(AND(B5<>"",C5<>"",C5<B5),"Cruza la medianoche. ","")&IF(LEN(TRIM(F5))<15,"Sin descripción suficiente. ","")&IF(AND(ISERROR(SEARCH("R-0",F5)),ISERROR(SEARCH("CU-",F5))),"Sin ticket. ","")&IF(ISNA(MATCH(E5,Datos!$E$8:$E$22,0)),"Proyecto sin valor hora. ","")&IF(ISNA(MATCH(D5,Datos!$A$8:$A$22,0)),"Persona fuera del equipo. ",""))) | K5: =IF(G5="","",IF(J5<>"",MIN(J5,G5),IF(OR(I5="Observada",I5="Rechazada"),0,G5))) | M5: =IF(OR(A5="",D5=""),0,IF(COUNTIFS($A$2:A5,A5,$D$2:D5,D5)=1,1,0))
H6: =IF(A6="","",TRIM(IF(WEEKDAY(A6,2)>5,"Fin de semana. ","")&IF(SUMIFS($G$2:$G$601,$A$2:$A$601,A6,$D$2:$D$601,D6)>9,"Más de 9 h en el día. ","")&IF(AND(B6<>"",C6<>"",C6<B6),"Cruza la medianoche. ","")&IF(LEN(TRIM(F6))<15,"Sin descripción suficiente. ","")&IF(AND(ISERROR(SEARCH("R-0",F6)),ISERROR(SEARCH("CU-",F6))),"Sin ticket. ","")&IF(ISNA(MATCH(E6,Datos!$E$8:$E$22,0)),"Proyecto sin valor hora. ","")&IF(ISNA(MATCH(D6,Datos!$A$8:$A$22,0)),"Persona fuera del equipo. ",""))) | K6: =IF(G6="","",IF(J6<>"",MIN(J6,G6),IF(OR(I6="Observada",I6="Rechazada"),0,G6))) | M6: =IF(OR(A6="",D6=""),0,IF(COUNTIFS($A$2:A6,A6,$D$2:D6,D6)=1,1,0))
H7: =IF(A7="","",TRIM(IF(WEEKDAY(A7,2)>5,"Fin de semana. ","")&IF(SUMIFS($G$2:$G$601,$A$2:$A$601,A7,$D$2:$D$601,D7)>9,"Más de 9 h en el día. ","")&IF(AND(B7<>"",C7<>"",C7<B7),"Cruza la medianoche. ","")&IF(LEN(TRIM(F7))<15,"Sin descripción suficiente. ","")&IF(AND(ISERROR(SEARCH("R-0",F7)),ISERROR(SEARCH("CU-",F7))),"Sin ticket. ","")&IF(ISNA(MATCH(E7,Datos!$E$8:$E$22,0)),"Proyecto sin valor hora. ","")&IF(ISNA(MATCH(D7,Datos!$A$8:$A$22,0)),"Persona fuera del equipo. ",""))) | K7: =IF(G7="","",IF(J7<>"",MIN(J7,G7),IF(OR(I7="Observada",I7="Rechazada"),0,G7))) | M7: =IF(OR(A7="",D7=""),0,IF(COUNTIFS($A$2:A7,A7,$D$2:D7,D7)=1,1,0))
H8: =IF(A8="","",TRIM(IF(WEEKDAY(A8,2)>5,"Fin de semana. ","")&IF(SUMIFS($G$2:$G$601,$A$2:$A$601,A8,$D$2:$D$601,D8)>9,"Más de 9 h en el día. ","")&IF(AND(B8<>"",C8<>"",C8<B8),"Cruza la medianoche. ","")&IF(LEN(TRIM(F8))<15,"Sin descripción suficiente. ","")&IF(AND(ISERROR(SEARCH("R-0",F8)),ISERROR(SEARCH("CU-",F8))),"Sin ticket. ","")&IF(ISNA(MATCH(E8,Datos!$E$8:$E$22,0)),"Proyecto sin valor hora. ","")&IF(ISNA(MATCH(D8,Datos!$A$8:$A$22,0)),"Persona fuera del equipo. ",""))) | K8: =IF(G8="","",IF(J8<>"",MIN(J8,G8),IF(OR(I8="Observada",I8="Rechazada"),0,G8))) | M8: =IF(OR(A8="",D8=""),0,IF(COUNTIFS($A$2:A8,A8,$D$2:D8,D8)=1,1,0))
H9: =IF(A9="","",TRIM(IF(WEEKDAY(A9,2)>5,"Fin de semana. ","")&IF(SUMIFS($G$2:$G$601,$A$2:$A$601,A9,$D$2:$D$601,D9)>9,"Más de 9 h en el día. ","")&IF(AND(B9<>"",C9<>"",C9<B9),"Cruza la medianoche. ","")&IF(LEN(TRIM(F9))<15,"Sin descripción suficiente. ","")&IF(AND(ISERROR(SEARCH("R-0",F9)),ISERROR(SEARCH("CU-",F9))),"Sin ticket. ","")&IF(ISNA(MATCH(E9,Datos!$E$8:$E$22,0)),"Proyecto sin valor hora. ","")&IF(ISNA(MATCH(D9,Datos!$A$8:$A$22,0)),"Persona fuera del equipo. ",""))) | K9: =IF(G9="","",IF(J9<>"",MIN(J9,G9),IF(OR(I9="Observada",I9="Rechazada"),0,G9))) | M9: =IF(OR(A9="",D9=""),0,IF(COUNTIFS($A$2:A9,A9,$D$2:D9,D9)=1,1,0))
H10: =IF(A10="","",TRIM(IF(WEEKDAY(A10,2)>5,"Fin de semana. ","")&IF(SUMIFS($G$2:$G$601,$A$2:$A$601,A10,$D$2:$D$601,D10)>9,"Más de 9 h en el día. ","")&IF(AND(B10<>"",C10<>"",C10<B10),"Cruza la medianoche. ","")&IF(LEN(TRIM(F10))<15,"Sin descripción suficiente. ","")&IF(AND(ISERROR(SEARCH("R-0",F10)),ISERROR(SEARCH("CU-",F10))),"Sin ticket. ","")&IF(ISNA(MATCH(E10,Datos!$E$8:$E$22,0)),"Proyecto sin valor hora. ","")&IF(ISNA(MATCH(D10,Datos!$A$8:$A$22,0)),"Persona fuera del equipo. ",""))) | K10: =IF(G10="","",IF(J10<>"",MIN(J10,G10),IF(OR(I10="Observada",I10="Rechazada"),0,G10))) | M10: =IF(OR(A10="",D10=""),0,IF(COUNTIFS($A$2:A10,A10,$D$2:D10,D10)=1,1,0))
H11: =IF(A11="","",TRIM(IF(WEEKDAY(A11,2)>5,"Fin de semana. ","")&IF(SUMIFS($G$2:$G$601,$A$2:$A$601,A11,$D$2:$D$601,D11)>9,"Más de 9 h en el día. ","")&IF(AND(B11<>"",C11<>"",C11<B11),"Cruza la medianoche. ","")&IF(LEN(TRIM(F11))<15,"Sin descripción suficiente. ","")&IF(AND(ISERROR(SEARCH("R-0",F11)),ISERROR(SEARCH("CU-",F11))),"Sin ticket. ","")&IF(ISNA(MATCH(E11,Datos!$E$8:$E$22,0)),"Proyecto sin valor hora. ","")&IF(ISNA(MATCH(D11,Datos!$A$8:$A$22,0)),"Persona fuera del equipo. ",""))) | K11: =IF(G11="","",IF(J11<>"",MIN(J11,G11),IF(OR(I11="Observada",I11="Rechazada"),0,G11))) | M11: =IF(OR(A11="",D11=""),0,IF(COUNTIFS($A$2:A11,A11,$D$2:D11,D11)=1,1,0))
H12: =IF(A12="","",TRIM(IF(WEEKDAY(A12,2)>5,"Fin de semana. ","")&IF(SUMIFS($G$2:$G$601,$A$2:$A$601,A12,$D$2:$D$601,D12)>9,"Más de 9 h en el día. ","")&IF(AND(B12<>"",C12<>"",C12<B12),"Cruza la medianoche. ","")&IF(LEN(TRIM(F12))<15,"Sin descripción suficiente. ","")&IF(AND(ISERROR(SEARCH("R-0",F12)),ISERROR(SEARCH("CU-",F12))),"Sin ticket. ","")&IF(ISNA(MATCH(E12,Datos!$E$8:$E$22,0)),"Proyecto sin valor hora. ","")&IF(ISNA(MATCH(D12,Datos!$A$8:$A$22,0)),"Persona fuera del equipo. ",""))) | K12: =IF(G12="","",IF(J12<>"",MIN(J12,G12),IF(OR(I12="Observada",I12="Rechazada"),0,G12))) | M12: =IF(OR(A12="",D12=""),0,IF(COUNTIFS($A$2:A12,A12,$D$2:D12,D12)=1,1,0))
H13: =IF(A13="","",TRIM(IF(WEEKDAY(A13,2)>5,"Fin de semana. ","")&IF(SUMIFS($G$2:$G$601,$A$2:$A$601,A13,$D$2:$D$601,D13)>9,"Más de 9 h en el día. ","")&IF(AND(B13<>"",C13<>"",C13<B13),"Cruza la medianoche. ","")&IF(LEN(TRIM(F13))<15,"Sin descripción suficiente. ","")&IF(AND(ISERROR(SEARCH("R-0",F13)),ISERROR(SEARCH("CU-",F13))),"Sin ticket. ","")&IF(ISNA(MATCH(E13,Datos!$E$8:$E$22,0)),"Proyecto sin valor hora. ","")&IF(ISNA(MATCH(D13,Datos!$A$8:$A$22,0)),"Persona fuera del equipo. ",""))) | K13: =IF(G13="","",IF(J13<>"",MIN(J13,G13),IF(OR(I13="Observada",I13="Rechazada"),0,G13))) | M13: =IF(OR(A13="",D13=""),0,IF(COUNTIFS($A$2:A13,A13,$D$2:D13,D13)=1,1,0))
... H601: =IF(A601="","",TRIM(IF(WEEKDAY(A601,2)>5,"Fin de semana. ","")&IF(SUMIFS($G$2:$G$601,$A$2:$A$601,A601,$D$2:$D$601,D601)>9,"Más de 9 h en el día. ","")&IF(AND(B601<>"",C601<>"",C601<B601),"Cruza la medianoche. ","")&IF(LEN(TRIM(F601))<15,"Sin descripción suficiente. ","")&IF(AND(ISERROR(SEARCH("R-0",F601)),ISERROR(SEARCH("CU-",F601))),"Sin ticket. ","")&IF(ISNA(MATCH(E601,Datos!$E$8:$E$22,0)),"Proyecto sin valor hora. ","")&IF(ISNA(MATCH(D601,Datos!$A$8:$A$22,0)),"Persona fuera del equipo. ",""))) | K601: =IF(G601="","",IF(J601<>"",MIN(J601,G601),IF(OR(I601="Observada",I601="Rechazada"),0,G601))) | M601: =IF(OR(A601="",D601=""),0,IF(COUNTIFS($A$2:A601,A601,$D$2:D601,D601)=1,1,0))
